Value,Designator,Footprint,Qty
100nF,"    C1, C2, C3, C5",Capacitor_SMD:C_1206_3216Metric,4
100uF,    C4,Capacitor_THT:CP_Radial_D6.3mm_P2.50mm,1
Conn_01x02,"    J1, J2","TerminalBlock_Phoenix:TerminalBlock_Phoenix_MPT-0,5-2-2.54_1x02_P2.54mm_Horizontal",2
Conn_01x03,"    J3, J4",Connector_JST:JST_XH_B3B-XH-A_1x03_P2.50mm_Vertical,2
Conn_01x02,    J5,"TerminalBlock_Phoenix:TerminalBlock_Phoenix_MKDS-1,5-2-5.08_1x02_P5.08mm_Horizontal",1
10k,"    R1, R2, R5, R7, R8, R9",Resistor_SMD:R_1206_3216Metric,6
20k,"    R3, R6",Resistor_SMD:R_1206_3216Metric,2
120R,    R4,Resistor_SMD:R_1206_3216Metric,1
SW_DIP_x02,    SW1,PCB Footprints:DS-02R,1
MAX485ECSA+,    U1,PCB Footprints:MAX485ECSA_,1
SN74HC241N,    U2,PCB Footprints:SN74HC241N,1
